[{"model": "admin.logentry", "pk": 1, "fields": {"action_time": "2024-08-26T14:46:22.184Z", "user": 1, "content_type": 7, "object_id": "1", "object_repr": "afrogspotexample.com", "action_flag": 2, "change_message": "[{\"changed\": {\"fields\": [\"Domain name\", \"Display name\"]}}]"}}, {"model": "admin.logentry", "pk": 2, "fields": {"action_time": "2024-08-26T14:47:17.460Z", "user": 1, "content_type": 7, "object_id": "1", "object_repr": "afrogspot.example.com", "action_flag": 2, "change_message": "[{\"changed\": {\"fields\": [\"Domain name\"]}}]"}}, {"model": "admin.logentry", "pk": 3, "fields": {"action_time": "2024-08-26T15:58:18.267Z", "user": 1, "content_type": 8, "object_id": "1", "object_repr": "afrogspot@gmail.com", "action_flag": 2, "change_message": "[{\"changed\": {\"fields\": [\"Verified\", \"Primary\"]}}]"}}, {"model": "admin.logentry", "pk": 4, "fields": {"action_time": "2024-09-02T09:39:16.819Z", "user": 1, "content_type": 8, "object_id": "2", "object_repr": "lilianadimchinobi@gmail.com", "action_flag": 2, "change_message": "[{\"changed\": {\"fields\": [\"Verified\"]}}]"}}, {"model": "admin.logentry", "pk": 5, "fields": {"action_time": "2024-09-04T11:18:38.930Z", "user": 1, "content_type": 13, "object_id": "1", "object_repr": "Stuck Fish", "action_flag": 1, "change_message": "[{\"added\": {}}]"}}, {"model": "admin.logentry", "pk": 6, "fields": {"action_time": "2024-09-04T20:07:26.393Z", "user": 1, "content_type": 13, "object_id": "1", "object_repr": "Stuck Fish", "action_flag": 2, "change_message": "[{\"changed\": {\"fields\": [\"Image\"]}}]"}}, {"model": "admin.logentry", "pk": 7, "fields": {"action_time": "2024-09-04T20:09:18.263Z", "user": 1, "content_type": 13, "object_id": "1", "object_repr": "Stuck Fish", "action_flag": 2, "change_message": "[{\"changed\": {\"fields\": [\"Image\"]}}]"}}, {"model": "admin.logentry", "pk": 8, "fields": {"action_time": "2024-09-05T08:16:31.863Z", "user": 1, "content_type": 13, "object_id": "2", "object_repr": "Crayfish", "action_flag": 1, "change_message": "[{\"added\": {}}]"}}, {"model": "admin.logentry", "pk": 9, "fields": {"action_time": "2024-09-05T08:20:56.379Z", "user": 1, "content_type": 13, "object_id": "3", "object_repr": "Prawns", "action_flag": 1, "change_message": "[{\"added\": {}}]"}}, {"model": "admin.logentry", "pk": 10, "fields": {"action_time": "2024-09-05T08:23:42.927Z", "user": 1, "content_type": 13, "object_id": "4", "object_repr": "Dry Snails", "action_flag": 1, "change_message": "[{\"added\": {}}]"}}, {"model": "admin.logentry", "pk": 11, "fields": {"action_time": "2024-09-05T08:28:43.885Z", "user": 1, "content_type": 13, "object_id": "5", "object_repr": "Cassava flakes", "action_flag": 1, "change_message": "[{\"added\": {}}]"}}, {"model": "admin.logentry", "pk": 12, "fields": {"action_time": "2024-09-05T08:32:28.730Z", "user": 1, "content_type": 13, "object_id": "6", "object_repr": "Cameroon pepper", "action_flag": 1, "change_message": "[{\"added\": {}}]"}}, {"model": "admin.logentry", "pk": 13, "fields": {"action_time": "2024-09-05T08:37:07.564Z", "user": 1, "content_type": 13, "object_id": "7", "object_repr": "Mellon Seeds", "action_flag": 1, "change_message": "[{\"added\": {}}]"}}, {"model": "admin.logentry", "pk": 14, "fields": {"action_time": "2024-09-05T08:38:55.019Z", "user": 1, "content_type": 14, "object_id": "7", "object_repr": "nuts and seeds", "action_flag": 1, "change_message": "[{\"added\": {}}]"}}, {"model": "admin.logentry", "pk": 15, "fields": {"action_time": "2024-09-05T08:39:16.309Z", "user": 1, "content_type": 13, "object_id": "7", "object_repr": "Mellon Seeds", "action_flag": 2, "change_message": "[{\"changed\": {\"fields\": [\"Category\"]}}]"}}, {"model": "admin.logentry", "pk": 16, "fields": {"action_time": "2024-09-05T08:41:07.168Z", "user": 1, "content_type": 14, "object_id": "8", "object_repr": "lean meat or seafood", "action_flag": 1, "change_message": "[{\"added\": {}}]"}}, {"model": "admin.logentry", "pk": 17, "fields": {"action_time": "2024-09-05T08:41:41.178Z", "user": 1, "content_type": 13, "object_id": "4", "object_repr": "Dry Snails", "action_flag": 2, "change_message": "[{\"changed\": {\"fields\": [\"Category\"]}}]"}}, {"model": "admin.logentry", "pk": 18, "fields": {"action_time": "2024-09-05T08:43:13.891Z", "user": 1, "content_type": 14, "object_id": "9", "object_repr": "others", "action_flag": 1, "change_message": "[{\"added\": {}}]"}}, {"model": "admin.logentry", "pk": 19, "fields": {"action_time": "2024-09-05T08:46:55.376Z", "user": 1, "content_type": 13, "object_id": "8", "object_repr": "Red Pepper", "action_flag": 1, "change_message": "[{\"added\": {}}]"}}, {"model": "admin.logentry", "pk": 20, "fields": {"action_time": "2024-09-05T08:51:41.610Z", "user": 1, "content_type": 13, "object_id": "9", "object_repr": "Hibiscus leaves (Zobo)", "action_flag": 1, "change_message": "[{\"added\": {}}]"}}, {"model": "admin.logentry", "pk": 21, "fields": {"action_time": "2024-09-05T09:48:45.650Z", "user": 1, "content_type": 13, "object_id": "1", "object_repr": "Stuck Fish", "action_flag": 2, "change_message": "[{\"changed\": {\"fields\": [\"Rating\"]}}]"}}, {"model": "admin.logentry", "pk": 22, "fields": {"action_time": "2024-09-05T09:49:02.495Z", "user": 1, "content_type": 13, "object_id": "4", "object_repr": "Dry Snails", "action_flag": 2, "change_message": "[{\"changed\": {\"fields\": [\"Rating\"]}}]"}}, {"model": "admin.logentry", "pk": 23, "fields": {"action_time": "2024-09-05T09:49:13.724Z", "user": 1, "content_type": 13, "object_id": "1", "object_repr": "Stuck Fish", "action_flag": 2, "change_message": "[{\"changed\": {\"fields\": [\"Rating\"]}}]"}}, {"model": "admin.logentry", "pk": 24, "fields": {"action_time": "2024-09-08T09:24:45.189Z", "user": 1, "content_type": 13, "object_id": "5", "object_repr": "Cassava flakes", "action_flag": 2, "change_message": "[{\"changed\": {\"fields\": [\"Category\"]}}]"}}, {"model": "admin.logentry", "pk": 25, "fields": {"action_time": "2024-09-09T18:40:52.381Z", "user": 1, "content_type": 15, "object_id": "1", "object_repr": "Country object (1)", "action_flag": 1, "change_message": "[{\"added\": {}}]"}}, {"model": "admin.logentry", "pk": 26, "fields": {"action_time": "2024-09-09T18:41:01.857Z", "user": 1, "content_type": 15, "object_id": "2", "object_repr": "Country object (2)", "action_flag": 1, "change_message": "[{\"added\": {}}]"}}, {"model": "admin.logentry", "pk": 27, "fields": {"action_time": "2024-09-09T18:41:11.601Z", "user": 1, "content_type": 15, "object_id": "3", "object_repr": "Country object (3)", "action_flag": 1, "change_message": "[{\"added\": {}}]"}}, {"model": "admin.logentry", "pk": 28, "fields": {"action_time": "2024-09-09T18:41:23.113Z", "user": 1, "content_type": 15, "object_id": "4", "object_repr": "Country object (4)", "action_flag": 1, "change_message": "[{\"added\": {}}]"}}, {"model": "admin.logentry", "pk": 29, "fields": {"action_time": "2024-09-09T18:41:47.207Z", "user": 1, "content_type": 15, "object_id": "5", "object_repr": "Country object (5)", "action_flag": 1, "change_message": "[{\"added\": {}}]"}}, {"model": "admin.logentry", "pk": 30, "fields": {"action_time": "2024-09-12T08:27:20.273Z", "user": 1, "content_type": 13, "object_id": "1", "object_repr": "Stuck Fish", "action_flag": 2, "change_message": "[{\"changed\": {\"fields\": [\"Is vegan\", \"Is gluten free\"]}}]"}}, {"model": "admin.logentry", "pk": 31, "fields": {"action_time": "2024-09-12T08:45:29.423Z", "user": 1, "content_type": 16, "object_id": "1", "object_repr": "0.55 kg - Stuck Fish", "action_flag": 1, "change_message": "[{\"added\": {}}]"}}, {"model": "admin.logentry", "pk": 32, "fields": {"action_time": "2024-09-12T08:45:47.424Z", "user": 1, "content_type": 16, "object_id": "1", "object_repr": "0.55 kg - Stuck Fish", "action_flag": 2, "change_message": "[]"}}, {"model": "admin.logentry", "pk": 33, "fields": {"action_time": "2024-09-12T08:46:22.989Z", "user": 1, "content_type": 13, "object_id": "1", "object_repr": "Stuck Fish", "action_flag": 2, "change_message": "[]"}}, {"model": "admin.logentry", "pk": 34, "fields": {"action_time": "2024-09-12T08:48:07.384Z", "user": 1, "content_type": 16, "object_id": "2", "object_repr": "0.25 kg - Stuck Fish", "action_flag": 1, "change_message": "[{\"added\": {}}]"}}, {"model": "admin.logentry", "pk": 35, "fields": {"action_time": "2024-09-18T10:06:16.731Z", "user": 1, "content_type": 17, "object_id": "6", "object_repr": "Order #0f82f028 by lilian amatobi", "action_flag": 2, "change_message": "[{\"changed\": {\"name\": \"order item\", \"object\": \"2 x Cassava flakes (Order #6)\", \"fields\": [\"Quantity\"]}}]"}}, {"model": "admin.logentry", "pk": 36, "fields": {"action_time": "2024-09-18T10:07:22.533Z", "user": 1, "content_type": 17, "object_id": "6", "object_repr": "Order #0f82f028 by lilian amatobi", "action_flag": 2, "change_message": "[{\"changed\": {\"name\": \"order item\", \"object\": \"2 x Crayfish (Order #6)\", \"fields\": [\"Quantity\"]}}]"}}, {"model": "admin.logentry", "pk": 37, "fields": {"action_time": "2024-09-18T10:21:31.165Z", "user": 1, "content_type": 17, "object_id": "6", "object_repr": "Order #0f82f028 by lilian amatobi", "action_flag": 2, "change_message": "[{\"deleted\": {\"name\": \"order item\", \"object\": \"2 x Crayfish (Order #6)\"}}]"}}, {"model": "admin.logentry", "pk": 38, "fields": {"action_time": "2024-09-18T10:26:08.410Z", "user": 1, "content_type": 17, "object_id": "6", "object_repr": "Order #0f82f028 by lilian amatobi", "action_flag": 2, "change_message": "[{\"changed\": {\"name\": \"order item\", \"object\": \"3 x Cassava flakes (Order #6)\", \"fields\": [\"Quantity\"]}}]"}}, {"model": "admin.logentry", "pk": 39, "fields": {"action_time": "2024-09-18T10:40:26.679Z", "user": 1, "content_type": 17, "object_id": "5", "object_repr": "Order #880eadc6 by lilian amatobi", "action_flag": 2, "change_message": "[{\"changed\": {\"name\": \"order item\", \"object\": \"2 x Crayfish (Order #5)\", \"fields\": [\"Quantity\"]}}]"}}, {"model": "admin.logentry", "pk": 40, "fields": {"action_time": "2024-09-18T10:40:50.316Z", "user": 1, "content_type": 17, "object_id": "5", "object_repr": "Order #880eadc6 by lilian amatobi", "action_flag": 2, "change_message": "[{\"changed\": {\"name\": \"order item\", \"object\": \"3 x Crayfish (Order #5)\", \"fields\": [\"Quantity\"]}}]"}}, {"model": "admin.logentry", "pk": 41, "fields": {"action_time": "2024-09-18T10:41:27.517Z", "user": 1, "content_type": 17, "object_id": "6", "object_repr": "Order #0f82f028 by lilian amatobi", "action_flag": 2, "change_message": "[{\"changed\": {\"name\": \"order item\", \"object\": \"4 x Cassava flakes (Order #6)\", \"fields\": [\"Quantity\"]}}]"}}, {"model": "admin.logentry", "pk": 42, "fields": {"action_time": "2024-09-18T10:42:04.809Z", "user": 1, "content_type": 17, "object_id": "6", "object_repr": "Order #0f82f028 by lilian amatobi", "action_flag": 3, "change_message": ""}}, {"model": "admin.logentry", "pk": 43, "fields": {"action_time": "2024-09-18T10:43:01.544Z", "user": 1, "content_type": 17, "object_id": "1", "object_repr": "Order #604fe2b5 by lilian amatobi", "action_flag": 3, "change_message": ""}}, {"model": "admin.logentry", "pk": 44, "fields": {"action_time": "2024-09-18T10:43:10.361Z", "user": 1, "content_type": 17, "object_id": "2", "object_repr": "Order #7575b632 by lilian amatobi", "action_flag": 3, "change_message": ""}}, {"model": "admin.logentry", "pk": 45, "fields": {"action_time": "2024-09-18T10:44:16.527Z", "user": 1, "content_type": 17, "object_id": "3", "object_repr": "Order #65ea6abc by lilian amatobi", "action_flag": 2, "change_message": "[{\"added\": {\"name\": \"order item\", \"object\": \"1 x Crayfish (Order #3)\"}}]"}}, {"model": "admin.logentry", "pk": 46, "fields": {"action_time": "2024-09-18T11:08:43.856Z", "user": 1, "content_type": 17, "object_id": "7", "object_repr": "Order #3854c86a by lilian amatobi", "action_flag": 2, "change_message": "[{\"changed\": {\"name\": \"order item\", \"object\": \"3 x Stuck Fish (Order #7)\", \"fields\": [\"Quantity\"]}}]"}}, {"model": "admin.logentry", "pk": 47, "fields": {"action_time": "2024-09-18T11:09:11.003Z", "user": 1, "content_type": 17, "object_id": "7", "object_repr": "Order #3854c86a by lilian amatobi", "action_flag": 2, "change_message": "[{\"changed\": {\"name\": \"order item\", \"object\": \"2 x Stuck Fish (Order #7)\", \"fields\": [\"Quantity\"]}}]"}}, {"model": "admin.logentry", "pk": 48, "fields": {"action_time": "2024-09-18T11:23:39.899Z", "user": 1, "content_type": 17, "object_id": "7", "object_repr": "Order #3854c86a by lilian amatobi", "action_flag": 2, "change_message": "[{\"changed\": {\"name\": \"order item\", \"object\": \"3 x Stuck Fish (Order #7)\", \"fields\": [\"Quantity\"]}}]"}}, {"model": "admin.logentry", "pk": 49, "fields": {"action_time": "2024-09-18T11:24:05.587Z", "user": 1, "content_type": 17, "object_id": "7", "object_repr": "Order #3854c86a by lilian amatobi", "action_flag": 2, "change_message": "[{\"changed\": {\"name\": \"order item\", \"object\": \"2 x Stuck Fish (Order #7)\", \"fields\": [\"Quantity\"]}}]"}}, {"model": "admin.logentry", "pk": 50, "fields": {"action_time": "2024-09-18T11:30:55.381Z", "user": 1, "content_type": 17, "object_id": "5", "object_repr": "Order #880eadc6 by lilian amatobi", "action_flag": 2, "change_message": "[{\"changed\": {\"name\": \"order item\", \"object\": \"1 x Crayfish (Order #5)\", \"fields\": [\"Quantity\"]}}]"}}, {"model": "admin.logentry", "pk": 51, "fields": {"action_time": "2024-09-18T11:31:14.726Z", "user": 1, "content_type": 17, "object_id": "4", "object_repr": "Order #9003b049 by lilian amatobi", "action_flag": 2, "change_message": "[{\"changed\": {\"name\": \"order item\", \"object\": \"2 x Crayfish (Order #4)\", \"fields\": [\"Quantity\"]}}]"}}, {"model": "admin.logentry", "pk": 52, "fields": {"action_time": "2024-09-18T11:31:54.465Z", "user": 1, "content_type": 17, "object_id": "3", "object_repr": "Order #65ea6abc by lilian amatobi", "action_flag": 2, "change_message": "[{\"deleted\": {\"name\": \"order item\", \"object\": \"1 x Crayfish (Order #3)\"}}]"}}, {"model": "admin.logentry", "pk": 53, "fields": {"action_time": "2024-09-18T11:33:10.966Z", "user": 1, "content_type": 17, "object_id": "3", "object_repr": "Order #65ea6abc by lilian amatobi", "action_flag": 2, "change_message": "[{\"changed\": {\"name\": \"order item\", \"object\": \"3 x Crayfish (Order #3)\", \"fields\": [\"Quantity\"]}}]"}}, {"model": "admin.logentry", "pk": 54, "fields": {"action_time": "2024-09-18T11:33:22.277Z", "user": 1, "content_type": 17, "object_id": "3", "object_repr": "Order #65ea6abc by lilian amatobi", "action_flag": 3, "change_message": ""}}, {"model": "admin.logentry", "pk": 55, "fields": {"action_time": "2024-09-18T11:34:14.364Z", "user": 1, "content_type": 17, "object_id": "4", "object_repr": "Order #9003b049 by lilian amatobi", "action_flag": 2, "change_message": "[{\"changed\": {\"name\": \"order item\", \"object\": \"1 x Crayfish (Order #4)\", \"fields\": [\"Quantity\"]}}]"}}, {"model": "admin.logentry", "pk": 56, "fields": {"action_time": "2024-09-18T11:34:29.457Z", "user": 1, "content_type": 17, "object_id": "4", "object_repr": "Order #9003b049 by lilian amatobi", "action_flag": 3, "change_message": ""}}, {"model": "admin.logentry", "pk": 57, "fields": {"action_time": "2024-09-18T11:34:40.051Z", "user": 1, "content_type": 17, "object_id": "5", "object_repr": "Order #880eadc6 by lilian amatobi", "action_flag": 3, "change_message": ""}}, {"model": "admin.logentry", "pk": 58, "fields": {"action_time": "2024-09-18T11:39:34.422Z", "user": 1, "content_type": 17, "object_id": "10", "object_repr": "Order #cbc70b01 by lilian amatobi", "action_flag": 2, "change_message": "[{\"changed\": {\"name\": \"order item\", \"object\": \"2 x Dry Snails (Order #10)\", \"fields\": [\"Quantity\"]}}]"}}, {"model": "admin.logentry", "pk": 59, "fields": {"action_time": "2024-09-18T11:40:17.589Z", "user": 1, "content_type": 17, "object_id": "10", "object_repr": "Order #cbc70b01 by lilian amatobi", "action_flag": 2, "change_message": "[{\"changed\": {\"name\": \"order item\", \"object\": \"7 x Dry Snails (Order #10)\", \"fields\": [\"Quantity\"]}}]"}}, {"model": "admin.logentry", "pk": 60, "fields": {"action_time": "2024-09-18T11:40:46.680Z", "user": 1, "content_type": 17, "object_id": "7", "object_repr": "Order #3854c86a by lilian amatobi", "action_flag": 2, "change_message": "[{\"changed\": {\"name\": \"order item\", \"object\": \"3 x Stuck Fish (Order #7)\", \"fields\": [\"Quantity\"]}}]"}}, {"model": "admin.logentry", "pk": 61, "fields": {"action_time": "2024-09-18T11:41:03.119Z", "user": 1, "content_type": 17, "object_id": "7", "object_repr": "Order #3854c86a by lilian amatobi", "action_flag": 2, "change_message": "[{\"changed\": {\"name\": \"order item\", \"object\": \"1 x Stuck Fish (Order #7)\", \"fields\": [\"Quantity\"]}}]"}}, {"model": "admin.logentry", "pk": 62, "fields": {"action_time": "2024-09-18T14:25:32.940Z", "user": 1, "content_type": 17, "object_id": "7", "object_repr": "Order #3854c86a by lilian amatobi", "action_flag": 2, "change_message": "[{\"changed\": {\"name\": \"order item\", \"object\": \"4 x Stuck Fish (Order #7)\", \"fields\": [\"Quantity\"]}}]"}}, {"model": "admin.logentry", "pk": 63, "fields": {"action_time": "2024-09-18T14:25:47.843Z", "user": 1, "content_type": 17, "object_id": "7", "object_repr": "Order #3854c86a by lilian amatobi", "action_flag": 2, "change_message": "[{\"deleted\": {\"name\": \"order item\", \"object\": \"4 x Stuck Fish (Order #7)\"}}]"}}, {"model": "admin.logentry", "pk": 64, "fields": {"action_time": "2024-09-18T14:50:52.725Z", "user": 1, "content_type": 17, "object_id": "9", "object_repr": "Order #1e8efe85 by lilian amatobi", "action_flag": 2, "change_message": "[{\"changed\": {\"name\": \"order item\", \"object\": \"0 x Dry Snails (Order #9)\", \"fields\": [\"Quantity\"]}}]"}}, {"model": "admin.logentry", "pk": 65, "fields": {"action_time": "2024-09-18T14:51:29.781Z", "user": 1, "content_type": 17, "object_id": "7", "object_repr": "Order #3854c86a by lilian amatobi", "action_flag": 3, "change_message": ""}}, {"model": "admin.logentry", "pk": 66, "fields": {"action_time": "2024-09-18T14:54:18.607Z", "user": 1, "content_type": 17, "object_id": "8", "object_repr": "Order #58c12682 by lilian amatobi", "action_flag": 2, "change_message": "[{\"deleted\": {\"name\": \"order item\", \"object\": \"2 x Mellon Seeds (Order #8)\"}}]"}}, {"model": "admin.logentry", "pk": 67, "fields": {"action_time": "2024-09-18T14:55:13.575Z", "user": 1, "content_type": 17, "object_id": "8", "object_repr": "Order #58c12682 by lilian amatobi", "action_flag": 2, "change_message": "[{\"changed\": {\"name\": \"order item\", \"object\": \"2 x Crayfish (Order #8)\", \"fields\": [\"Quantity\"]}}]"}}, {"model": "admin.logentry", "pk": 68, "fields": {"action_time": "2024-09-18T14:55:30.907Z", "user": 1, "content_type": 17, "object_id": "8", "object_repr": "Order #58c12682 by lilian amatobi", "action_flag": 2, "change_message": "[{\"deleted\": {\"name\": \"order item\", \"object\": \"2 x Crayfish (Order #8)\"}}]"}}, {"model": "admin.logentry", "pk": 69, "fields": {"action_time": "2024-09-18T14:59:33.886Z", "user": 1, "content_type": 17, "object_id": "11", "object_repr": "Order #dd7dca0f by lilian amatobi", "action_flag": 2, "change_message": "[{\"changed\": {\"name\": \"order item\", \"object\": \"5 x Dry Snails (Order #11)\", \"fields\": [\"Quantity\"]}}]"}}, {"model": "admin.logentry", "pk": 70, "fields": {"action_time": "2024-09-18T14:59:55.078Z", "user": 1, "content_type": 17, "object_id": "11", "object_repr": "Order #dd7dca0f by lilian amatobi", "action_flag": 2, "change_message": "[{\"changed\": {\"name\": \"order item\", \"object\": \"6 x Dry Snails (Order #11)\", \"fields\": [\"Quantity\"]}}]"}}, {"model": "admin.logentry", "pk": 71, "fields": {"action_time": "2024-09-18T15:00:11.566Z", "user": 1, "content_type": 17, "object_id": "11", "object_repr": "Order #dd7dca0f by lilian amatobi", "action_flag": 2, "change_message": "[{\"changed\": {\"name\": \"order item\", \"object\": \"4 x Dry Snails (Order #11)\", \"fields\": [\"Quantity\"]}}]"}}, {"model": "admin.logentry", "pk": 72, "fields": {"action_time": "2024-09-18T15:00:27.266Z", "user": 1, "content_type": 17, "object_id": "11", "object_repr": "Order #dd7dca0f by lilian amatobi", "action_flag": 2, "change_message": "[{\"changed\": {\"name\": \"order item\", \"object\": \"0 x Dry Snails (Order #11)\", \"fields\": [\"Quantity\"]}}]"}}, {"model": "admin.logentry", "pk": 73, "fields": {"action_time": "2024-09-18T15:09:46.855Z", "user": 1, "content_type": 17, "object_id": "10", "object_repr": "Order #cbc70b01 by lilian amatobi", "action_flag": 2, "change_message": "[{\"changed\": {\"name\": \"order item\", \"object\": \"4 x Dry Snails (Order #10)\", \"fields\": [\"Quantity\"]}}]"}}, {"model": "admin.logentry", "pk": 74, "fields": {"action_time": "2024-09-18T15:10:42.083Z", "user": 1, "content_type": 17, "object_id": null, "object_repr": "Order #cbc70b01 by lilian amatobi", "action_flag": 2, "change_message": "[{\"changed\": {\"name\": \"order item\", \"object\": \"0 x Dry Snails (Order #None)\", \"fields\": [\"Quantity\"]}}]"}}, {"model": "admin.logentry", "pk": 75, "fields": {"action_time": "2024-09-18T15:10:58.073Z", "user": 1, "content_type": 17, "object_id": "11", "object_repr": "Order #dd7dca0f by lilian amatobi", "action_flag": 3, "change_message": ""}}, {"model": "admin.logentry", "pk": 76, "fields": {"action_time": "2024-09-18T15:11:07.839Z", "user": 1, "content_type": 17, "object_id": "9", "object_repr": "Order #1e8efe85 by lilian amatobi", "action_flag": 3, "change_message": ""}}, {"model": "admin.logentry", "pk": 77, "fields": {"action_time": "2024-09-18T15:11:17.234Z", "user": 1, "content_type": 17, "object_id": "8", "object_repr": "Order #58c12682 by lilian amatobi", "action_flag": 3, "change_message": ""}}, {"model": "admin.logentry", "pk": 78, "fields": {"action_time": "2024-09-18T15:15:49.041Z", "user": 1, "content_type": 17, "object_id": "12", "object_repr": "Order #fb42eb0a by lilian amatobi", "action_flag": 2, "change_message": "[{\"changed\": {\"name\": \"order item\", \"object\": \"4 x Stuck Fish (Order #12)\", \"fields\": [\"Quantity\"]}}]"}}, {"model": "admin.logentry", "pk": 79, "fields": {"action_time": "2024-09-18T15:16:09.764Z", "user": 1, "content_type": 17, "object_id": "12", "object_repr": "Order #fb42eb0a by lilian amatobi", "action_flag": 2, "change_message": "[{\"deleted\": {\"name\": \"order item\", \"object\": \"4 x Stuck Fish (Order #12)\"}}]"}}, {"model": "admin.logentry", "pk": 80, "fields": {"action_time": "2024-09-18T15:16:34.987Z", "user": 1, "content_type": 17, "object_id": null, "object_repr": "Order #fb42eb0a by lilian amatobi", "action_flag": 2, "change_message": "[{\"changed\": {\"name\": \"order item\", \"object\": \"0 x Stuck Fish (Order #None)\", \"fields\": [\"Quantity\"]}}]"}}, {"model": "admin.logentry", "pk": 81, "fields": {"action_time": "2024-09-19T11:19:26.241Z", "user": 1, "content_type": 8, "object_id": "2", "object_repr": "lilianadimchinobi@gmail.com", "action_flag": 2, "change_message": "[]"}}, {"model": "admin.logentry", "pk": 82, "fields": {"action_time": "2024-09-19T16:32:58.148Z", "user": 1, "content_type": 8, "object_id": "3", "object_repr": "camatobi@yahoo.com", "action_flag": 2, "change_message": "[{\"changed\": {\"fields\": [\"Verified\", \"Primary\"]}}]"}}, {"model": "admin.logentry", "pk": 83, "fields": {"action_time": "2024-09-19T16:42:16.945Z", "user": 1, "content_type": 8, "object_id": "2", "object_repr": "lilianadimchinobi@gmail.com", "action_flag": 2, "change_message": "[]"}}, {"model": "admin.logentry", "pk": 84, "fields": {"action_time": "2024-09-19T18:25:52.898Z", "user": 1, "content_type": 8, "object_id": "4", "object_repr": "sophiaamatobi@gmail.com", "action_flag": 2, "change_message": "[{\"changed\": {\"fields\": [\"Verified\", \"Primary\"]}}]"}}, {"model": "admin.logentry", "pk": 85, "fields": {"action_time": "2024-09-19T19:23:06.085Z", "user": 1, "content_type": 17, "object_id": "18", "object_repr": "Order #bd4a2b59 by Sophia amatobi", "action_flag": 2, "change_message": "[{\"changed\": {\"fields\": [\"Profile\"]}}]"}}, {"model": "admin.logentry", "pk": 86, "fields": {"action_time": "2024-09-19T20:05:01.437Z", "user": 1, "content_type": 8, "object_id": "5", "object_repr": "georgeamatobi@gmail.com", "action_flag": 2, "change_message": "[{\"changed\": {\"fields\": [\"Verified\"]}}]"}}, {"model": "admin.logentry", "pk": 87, "fields": {"action_time": "2024-09-20T08:52:19.331Z", "user": 1, "content_type": 8, "object_id": "6", "object_repr": "test@gmail.com", "action_flag": 2, "change_message": "[{\"changed\": {\"fields\": [\"Verified\", \"Primary\"]}}]"}}, {"model": "sessions.session", "pk": "5qwqx8gffuvs3v1xmqxgyyr1zk7ci190", "fields": {"session_data": ".eJydks9uwyAMxt_F5ygihJDS23rfE0xT5IDbsLWQAdkfVX33Qdsdql6qXTD4-_zDRhwBtfaLSwMuaSKXrMZkvRsOlCZvIqxfjnDZwxpmjPHLBwMVYIJ10_Oesb5XspZM8q4VFSyRgsMDZffTNvhdnH2C02sF5wuGIg-2sBq4yY2o38kVwbyh2_lae5eCHetiqa9qrJ-9of3m6r0BTBinXK1QcVpJ3lK3RaNyoAZ7SbITqBtUzHSEesUF4xp7xleNGQ0KlNSbdjQ8QzWGPNwRRFnm4M2i06VnkdVPDBbdJeGW_b6CjyWfbfrJD1Jlv9VleFUrBacK2jtI-zhE_FH4HYX_gyLvKPJxCj9DMmWIFGP5IvQ925BN7PQLOHm8xA:1ssLcS:Kmq3Eibpnbm9dHgs0cJDVnBcSxZuR0LoK2EPKV8hvn0", "expire_date": "2024-10-06T12:23:16.678Z"}}, {"model": "sessions.session", "pk": "fnxxgolcx1gju74q5lifly9neriiuckj", "fields": {"session_data": ".eJyF0s1ygyAQAOB32bNhBBXFW3vvE3Q6mRVItEnEAvZnMr57IUnTJh3HEz-7fLA7HEGi9VAfga5YHAZr1Cj9ulNQ0wTe0XbYn5csgbcxLDr_dYoNtpMaahBECJiSINAFgf4V2K9Ar8R_4Y7ox_1-TiG0iIhYFfeKuEWKmUryayV8oRK-JNBVtVRKNWP81BGMfMnIZ4yUpBlMAUEpzRiScfStDnkSfWf69UH71igH9fMRzvNwaEDnPoxVEI6FP0FLxquM5SknOc3KMgttG522PR7iFQ8ba7ZuMB6mlwROF6xj-PQuoHCz16Dc6T4G1Cv2W0Ok6b3tGhJTyCXqyJNRev94yb0BWnRt_GsomK44y3SxQSXCoCmWXPMiR0lRpKrQKKvwaCaxTFlFVaMwR65LlTWKRdRp52IP9OfQ2dC2dPoGFfv1tA:1ssKAJ:606-Hhn4rVlfTUo--xWzx0mGtWL5sVWppXz4eebixt4", "expire_date": "2024-10-06T10:50:07.944Z"}}, {"model": "sessions.session", "pk": "mnc1my2cmkc6u3ajr87le9a0whdc4hhr", "fields": {"session_data": ".eJydks9uwyAMxt_F5yhKCCGht_W-J5imyAG3YUshA7I_qvrug7Y7VL1Uu2Dw9_GzjTgCKuVWGwdc40Q2GoXRODscKE5OB9i8HOGyhw0sGMKX8xoKwAibumNd1bOqaUrBuWBNW8AayFs8UHI_7bzbh8VFOL0WcC4wZHkwmVXDTW5E9U42C_oN7d6VytnozVhmS3lVQ_nsNM3bq_cGMGGY0m2JklGfeqF2h1qmQDV2gkTLUdUoK90Sqp7xiinsKtbXetTIUVCnm1GzBFXo03BH4HlZvNOripeeeVI_0Ru0l4Rd57mAjzWdTfxJD1Ikv1F5eFlKCacCmjtI8ziE_1HYHYX9gyLuKOJxCjtDEmUIFEL-IvS9GJ9M1ekXJmi8uw:1ssevp:IdTGhDgeSmZ_4_rcCDMleiunVmejVMDysG3Kk-rKjpc", "expire_date": "2024-10-07T09:00:33.706Z"}}, {"model": "sites.site", "pk": 1, "fields": {"domain": "afrogspot.example.com", "name": "Afrogspot"}}, {"model": "account.emailaddress", "pk": 1, "fields": {"user": 1, "email": "afrogspot@gmail.com", "verified": true, "primary": true}}, {"model": "account.emailaddress", "pk": 2, "fields": {"user": 2, "email": "lilianadimchinobi@gmail.com", "verified": true, "primary": true}}, {"model": "account.emailaddress", "pk": 3, "fields": {"user": 3, "email": "camatobi@yahoo.com", "verified": true, "primary": false}}, {"model": "account.emailaddress", "pk": 4, "fields": {"user": 4, "email": "sophiaamatobi@gmail.com", "verified": true, "primary": false}}, {"model": "account.emailaddress", "pk": 5, "fields": {"user": 5, "email": "georgeamatobi@gmail.com", "verified": true, "primary": false}}, {"model": "account.emailaddress", "pk": 6, "fields": {"user": 7, "email": "test@gmail.com", "verified": true, "primary": false}}, {"model": "product_catalog.category", "pk": 1, "fields": {"name": "fishes", "friendly_name": "Fishes"}}, {"model": "product_catalog.category", "pk": 2, "fields": {"name": "peppers", "friendly_name": "Peppers"}}, {"model": "product_catalog.category", "pk": 3, "fields": {"name": "seasonings", "friendly_name": "Seasonings"}}, {"model": "product_catalog.category", "pk": 4, "fields": {"name": "veggies", "friendly_name": "Veggies"}}, {"model": "product_catalog.category", "pk": 5, "fields": {"name": "new_arrivals", "friendly_name": "New Arrivals"}}, {"model": "product_catalog.category", "pk": 6, "fields": {"name": "all products", "friendly_name": "All Products"}}, {"model": "product_catalog.category", "pk": 7, "fields": {"name": "nuts and seeds", "friendly_name": "Nuts & Seeds"}}, {"model": "product_catalog.category", "pk": 8, "fields": {"name": "lean meat or seafood", "friendly_name": "Protein & Seafood"}}, {"model": "product_catalog.category", "pk": 9, "fields": {"name": "others", "friendly_name": "Others"}}, {"model": "product_catalog.country", "pk": 1, "fields": {"name": "Nigeria"}}, {"model": "product_catalog.country", "pk": 2, "fields": {"name": "Ghana"}}, {"model": "product_catalog.country", "pk": 3, "fields": {"name": "Kenya"}}, {"model": "product_catalog.country", "pk": 4, "fields": {"name": "Eritrea"}}, {"model": "product_catalog.country", "pk": 5, "fields": {"name": "Cameroon"}}, {"model": "product_catalog.product", "pk": 1, "fields": {"name": "Stuck Fish", "sku": "afro-stuck-fish", "category": 1, "description": "Stuck fish, often used in African cuisine, is a type of dried, smoked fish that has been split open and flattened before being dried. It has a rich, smoky flavor and firm texture, making it perfect for adding depth to soups, stews, and sauces. Popular in dishes like Egusi soup and Okra soup, stuck fish is prized for its intense umami taste that enhances traditional recipes. Ideal for home cooks seeking authentic African flavors, this product is a must-have for creating hearty, flavorful meals.", "price": "4.99", "discount_price": null, "stock": 10, "image": "stock-fish.jpg", "rating": "0.05", "image_url": null, "created_at": "2024-09-04T11:18:38.929Z", "updated_at": "2024-09-22T12:24:45.472Z", "is_active": true, "is_vegan": true, "is_gluten_free": true, "expiration_date": null, "country": 1}}, {"model": "product_catalog.product", "pk": 2, "fields": {"name": "Crayfish", "sku": "afro-cray-fish", "category": 1, "description": "Crayfish, a popular ingredient in African cuisine, are small, dried crustaceans known for their intense umami flavor. Perfect for seasoning soups, stews, and sauces, these crayfish are sun-dried to preserve their rich, smoky taste. Whether used whole or ground into a powder, they enhance the depth and aroma of traditional dishes like Egusi soup, Jollof rice, and Okra soup. Ideal for home cooks and professional chefs looking to add authentic African flavor to their meals.", "price": "49.99", "discount_price": null, "stock": 50, "image": "dry-crayfish.jpg", "rating": null, "image_url": null, "created_at": "2024-09-05T08:16:31.862Z", "updated_at": "2024-09-05T08:16:31.862Z", "is_active": true, "is_vegan": false, "is_gluten_free": false, "expiration_date": null, "country": 1}}, {"model": "product_catalog.product", "pk": 3, "fields": {"name": "Prawns", "sku": "afro-prawn-fish", "category": 1, "description": "Prawns are premium, high-quality seafood known for their sweet, succulent flavor and firm texture. Perfect for a wide variety of dishes, these prawns are carefully dried to preserve their natural taste, making them an excellent addition to soups, stews, stir-fries, and seafood recipes. Rich in protein and low in fat, they are a healthy choice for enhancing both traditional and modern meals. Ideal for home cooks and chefs looking to add a gourmet touch to their dishes with authentic, savory seafood.", "price": "49.99", "discount_price": null, "stock": 10, "image": "dry-prawns.jpg", "rating": null, "image_url": null, "created_at": "2024-09-05T08:20:56.378Z", "updated_at": "2024-09-05T08:20:56.378Z", "is_active": true, "is_vegan": false, "is_gluten_free": false, "expiration_date": null, "country": 1}}, {"model": "product_catalog.product", "pk": 4, "fields": {"name": "Dry Snails", "sku": "afro-snail", "category": 8, "description": "Snails are a delicacy prized for their tender texture and rich, earthy flavor. Carefully cleaned and prepared, these snails are perfect for a variety of dishes, including stir-fries, soups, and stews. High in protein and low in fat, they offer a healthy, gourmet option for enhancing both traditional African meals and contemporary recipes. Ideal for food enthusiasts and chefs seeking to add a unique, flavorful ingredient to their culinary creations.", "price": "9.99", "discount_price": null, "stock": 10, "image": "dry-snail.jpg", "rating": "0.05", "image_url": null, "created_at": "2024-09-05T08:23:42.927Z", "updated_at": "2024-09-05T09:49:02.494Z", "is_active": true, "is_vegan": false, "is_gluten_free": false, "expiration_date": null, "country": 1}}, {"model": "product_catalog.product", "pk": 5, "fields": {"name": "Cassava flakes", "sku": "afro-cassava-flakes", "category": 9, "description": "Abacha, also known as African salad, is made from finely shredded and sun-dried cassava. A staple in Nigerian cuisine, it offers a chewy texture and a mildly tangy flavor, perfect for preparing traditional dishes like Abacha salad. Often mixed with palm oil, vegetables, and seasonings, Abacha is a versatile, gluten-free ingredient that can be enjoyed as a snack or a light meal. Ideal for home cooks and food enthusiasts seeking authentic African flavors, it provides a quick and convenient base for a variety of creative dishes.", "price": "4.99", "discount_price": null, "stock": 20, "image": "dry-cassava-flakesabacha.jpg", "rating": null, "image_url": null, "created_at": "2024-09-05T08:28:43.885Z", "updated_at": "2024-09-08T09:24:45.188Z", "is_active": true, "is_vegan": false, "is_gluten_free": false, "expiration_date": null, "country": 1}}, {"model": "product_catalog.product", "pk": 6, "fields": {"name": "Cameroon pepper", "sku": "afro-cameroon-pepper", "category": 2, "description": "Cameroon pepper is a fiery, aromatic spice known for its bold heat and smoky flavor. Made from dried, ground African chili peppers, it adds an intense kick to a wide range of dishes, from soups and stews to grilled meats and sauces. Prized in West African cuisine for its rich, spicy depth, Cameroon pepper is perfect for anyone looking to enhance their meals with authentic African heat and flavor. Whether you're a home cook or a professional chef, this spice will bring a robust, peppery punch to your favorite recipes.", "price": "2.99", "discount_price": "0.00", "stock": 50, "image": "dry-cameroon-pepper.jpg", "rating": null, "image_url": null, "created_at": "2024-09-05T08:32:28.730Z", "updated_at": "2024-09-05T08:32:28.730Z", "is_active": true, "is_vegan": false, "is_gluten_free": false, "expiration_date": null, "country": 1}}, {"model": "product_catalog.product", "pk": 7, "fields": {"name": "Mellon Seeds", "sku": "afro-mellon-seeds", "category": 7, "description": "Melon seeds, also known as Egusi seeds, are nutrient-rich seeds harvested from specific types of melons. Popular in West African cuisine, these seeds are ground into a fine powder and used as a thickener in traditional dishes like Egusi soup. Known for their mild, nutty flavor and smooth texture, melon seeds are packed with protein, healthy fats, and essential nutrients. They are perfect for home cooks and chefs looking to create authentic, hearty African meals, offering a rich, creamy base for soups and stews.", "price": "4.99", "discount_price": null, "stock": 10, "image": "melon-seed.jpg", "rating": null, "image_url": null, "created_at": "2024-09-05T08:37:07.564Z", "updated_at": "2024-09-05T08:39:16.308Z", "is_active": true, "is_vegan": false, "is_gluten_free": false, "expiration_date": null, "country": 1}}, {"model": "product_catalog.product", "pk": 9, "fields": {"name": "Hibiscus leaves (Zobo)", "sku": "afro-zobo-leaves", "category": 4, "description": "Hibiscus flowers are vibrant, dried blooms renowned for their rich color and tangy, floral flavor. Often used to make refreshing beverages like Zobo tea, these flowers are packed with antioxidants and vitamin C, offering a burst of health benefits and a delightful, slightly tart taste. Ideal for crafting herbal teas, infusions, or as a colorful ingredient in cooking and baking, hibiscus flowers are perfect for home cooks and health enthusiasts looking to add a touch of natural, vibrant flavor to their culinary creations.", "price": "4.99", "discount_price": null, "stock": 40, "image": "hibiscus_leaveszobo.jpg", "rating": null, "image_url": null, "created_at": "2024-09-05T08:51:41.609Z", "updated_at": "2024-09-21T21:01:57.345Z", "is_active": true, "is_vegan": false, "is_gluten_free": false, "expiration_date": null, "country": 1}}, {"model": "product_catalog.product", "pk": 10, "fields": {"name": "test", "sku": null, "category": 9, "description": "testing and updating even again, and again", "price": "9.99", "discount_price": null, "stock": 7, "image": "1.png", "rating": null, "image_url": null, "created_at": "2024-09-21T17:54:18.326Z", "updated_at": "2024-09-22T10:47:13.096Z", "is_active": true, "is_vegan": false, "is_gluten_free": false, "expiration_date": null, "country": 1}}, {"model": "product_catalog.product", "pk": 11, "fields": {"name": "test2", "sku": null, "category": 9, "description": "test2x and", "price": "1.15", "discount_price": null, "stock": 2, "image": "Pngtreesmile_emoticon_thumbs_up_8874140.png", "rating": null, "image_url": null, "created_at": "2024-09-21T20:53:09.164Z", "updated_at": "2024-09-22T10:51:07.778Z", "is_active": true, "is_vegan": false, "is_gluten_free": false, "expiration_date": null, "country": 1}}, {"model": "product_catalog.product", "pk": 12, "fields": {"name": "test3", "sku": "test3", "category": 9, "description": "testing the 3rd time", "price": "5.99", "discount_price": "1.99", "stock": 4, "image": "rosie.jpg", "rating": "5.00", "image_url": null, "created_at": "2024-09-22T12:45:18.296Z", "updated_at": "2024-09-22T12:50:13.663Z", "is_active": true, "is_vegan": true, "is_gluten_free": true, "expiration_date": null, "country": 1}}, {"model": "product_catalog.product", "pk": 14, "fields": {"name": "test4", "sku": "test4", "category": 9, "description": "hhhhhhhhhhhhhhhhhhhhhhhhh", "price": "6.00", "discount_price": null, "stock": 4, "image": "pexels-ketut-subiyanto-4560084.jpg", "rating": null, "image_url": null, "created_at": "2024-09-23T08:42:11.671Z", "updated_at": "2024-09-23T08:44:48.676Z", "is_active": true, "is_vegan": false, "is_gluten_free": false, "expiration_date": null, "country": 1}}, {"model": "product_catalog.productvariant", "pk": 1, "fields": {"product": 1, "size": "0.55", "price": "19.99", "stock": 2}}, {"model": "product_catalog.productvariant", "pk": 2, "fields": {"product": 1, "size": "0.25", "price": "9.99", "stock": 3}}, {"model": "product_catalog.productvariant", "pk": 5, "fields": {"product": 9, "size": "0.25", "price": "4.99", "stock": 20}}, {"model": "product_catalog.productvariant", "pk": 6, "fields": {"product": 1, "size": "0.15", "price": "4.99", "stock": 3}}, {"model": "product_catalog.productvariant", "pk": 7, "fields": {"product": 10, "size": "0.99", "price": "9.99", "stock": 5}}, {"model": "product_catalog.productvariant", "pk": 8, "fields": {"product": 11, "size": "0.25", "price": "1.15", "stock": 2}}, {"model": "product_catalog.productvariant", "pk": 11, "fields": {"product": 12, "size": "0.65", "price": "4.99", "stock": 4}}, {"model": "product_catalog.productvariant", "pk": 12, "fields": {"product": 12, "size": "1.01", "price": "5.99", "stock": 6}}, {"model": "cart.cartitem", "pk": 1, "fields": {"user": 1, "product": 4, "variant": null, "quantity": 1}}, {"model": "cart.cartitem", "pk": 2, "fields": {"user": 1, "product": 4, "variant": null, "quantity": 1}}, {"model": "cart.cartitem", "pk": 3, "fields": {"user": 1, "product": 4, "variant": null, "quantity": 1}}, {"model": "cart.cartitem", "pk": 4, "fields": {"user": 3, "product": 7, "variant": null, "quantity": 1}}, {"model": "cart.cartitem", "pk": 5, "fields": {"user": 3, "product": 7, "variant": null, "quantity": 1}}, {"model": "cart.cartitem", "pk": 6, "fields": {"user": 1, "product": 4, "variant": null, "quantity": 1}}, {"model": "cart.cartitem", "pk": 7, "fields": {"user": 3, "product": 7, "variant": null, "quantity": 1}}, {"model": "cart.cartitem", "pk": 8, "fields": {"user": 3, "product": 4, "variant": null, "quantity": 1}}, {"model": "cart.cartitem", "pk": 9, "fields": {"user": 3, "product": 7, "variant": null, "quantity": 1}}, {"model": "cart.cartitem", "pk": 10, "fields": {"user": 1, "product": 3, "variant": null, "quantity": 1}}, {"model": "cart.cartitem", "pk": 11, "fields": {"user": 1, "product": 4, "variant": null, "quantity": 1}}, {"model": "cart.cartitem", "pk": 12, "fields": {"user": 1, "product": 2, "variant": null, "quantity": 1}}, {"model": "cart.cartitem", "pk": 13, "fields": {"user": 1, "product": 4, "variant": null, "quantity": 1}}, {"model": "cart.cartitem", "pk": 14, "fields": {"user": 1, "product": 3, "variant": null, "quantity": 1}}, {"model": "cart.cartitem", "pk": 15, "fields": {"user": 1, "product": 2, "variant": null, "quantity": 1}}, {"model": "cart.cartitem", "pk": 16, "fields": {"user": 1, "product": 4, "variant": null, "quantity": 1}}, {"model": "cart.cartitem", "pk": 17, "fields": {"user": 1, "product": 3, "variant": null, "quantity": 1}}, {"model": "cart.cartitem", "pk": 18, "fields": {"user": 1, "product": 4, "variant": null, "quantity": 1}}, {"model": "cart.cartitem", "pk": 19, "fields": {"user": 1, "product": 3, "variant": null, "quantity": 1}}, {"model": "cart.cartitem", "pk": 20, "fields": {"user": 1, "product": 2, "variant": null, "quantity": 1}}, {"model": "cart.cartitem", "pk": 21, "fields": {"user": 1, "product": 4, "variant": null, "quantity": 1}}, {"model": "cart.cartitem", "pk": 22, "fields": {"user": 1, "product": 3, "variant": null, "quantity": 1}}, {"model": "cart.cartitem", "pk": 23, "fields": {"user": 1, "product": 2, "variant": null, "quantity": 1}}, {"model": "cart.cartitem", "pk": 24, "fields": {"user": 1, "product": 4, "variant": null, "quantity": 1}}, {"model": "cart.cartitem", "pk": 25, "fields": {"user": 1, "product": 3, "variant": null, "quantity": 1}}, {"model": "cart.cartitem", "pk": 26, "fields": {"user": 1, "product": 2, "variant": null, "quantity": 1}}, {"model": "cart.cartitem", "pk": 27, "fields": {"user": 1, "product": 4, "variant": null, "quantity": 1}}, {"model": "cart.cartitem", "pk": 28, "fields": {"user": 1, "product": 3, "variant": null, "quantity": 1}}, {"model": "cart.cartitem", "pk": 29, "fields": {"user": 1, "product": 2, "variant": null, "quantity": 1}}, {"model": "cart.cartitem", "pk": 30, "fields": {"user": 1, "product": 6, "variant": null, "quantity": 1}}, {"model": "cart.cartitem", "pk": 31, "fields": {"user": 1, "product": 4, "variant": null, "quantity": 1}}, {"model": "cart.cartitem", "pk": 32, "fields": {"user": 1, "product": 3, "variant": null, "quantity": 1}}, {"model": "cart.cartitem", "pk": 33, "fields": {"user": 1, "product": 2, "variant": null, "quantity": 1}}, {"model": "cart.cartitem", "pk": 34, "fields": {"user": 1, "product": 4, "variant": null, "quantity": 1}}, {"model": "cart.cartitem", "pk": 35, "fields": {"user": 1, "product": 3, "variant": null, "quantity": 1}}, {"model": "cart.cartitem", "pk": 36, "fields": {"user": 1, "product": 2, "variant": null, "quantity": 1}}, {"model": "cart.cartitem", "pk": 37, "fields": {"user": 1, "product": 6, "variant": null, "quantity": 1}}, {"model": "cart.cartitem", "pk": 38, "fields": {"user": 1, "product": 4, "variant": null, "quantity": 1}}, {"model": "cart.cartitem", "pk": 39, "fields": {"user": 1, "product": 3, "variant": null, "quantity": 1}}, {"model": "cart.cartitem", "pk": 40, "fields": {"user": 1, "product": 2, "variant": null, "quantity": 1}}, {"model": "cart.cartitem", "pk": 41, "fields": {"user": 1, "product": 6, "variant": null, "quantity": 1}}, {"model": "cart.cartitem", "pk": 42, "fields": {"user": 1, "product": 4, "variant": null, "quantity": 1}}, {"model": "cart.cartitem", "pk": 43, "fields": {"user": 1, "product": 3, "variant": null, "quantity": 1}}, {"model": "cart.cartitem", "pk": 44, "fields": {"user": 1, "product": 2, "variant": null, "quantity": 1}}, {"model": "cart.cartitem", "pk": 45, "fields": {"user": 1, "product": 6, "variant": null, "quantity": 1}}, {"model": "cart.cartitem", "pk": 46, "fields": {"user": 1, "product": 4, "variant": null, "quantity": 1}}, {"model": "cart.cartitem", "pk": 47, "fields": {"user": 1, "product": 3, "variant": null, "quantity": 1}}, {"model": "cart.cartitem", "pk": 48, "fields": {"user": 1, "product": 2, "variant": null, "quantity": 1}}, {"model": "cart.cartitem", "pk": 49, "fields": {"user": 1, "product": 6, "variant": null, "quantity": 1}}, {"model": "cart.cartitem", "pk": 50, "fields": {"user": 1, "product": 4, "variant": null, "quantity": 1}}, {"model": "cart.cartitem", "pk": 51, "fields": {"user": 1, "product": 3, "variant": null, "quantity": 1}}, {"model": "cart.cartitem", "pk": 52, "fields": {"user": 1, "product": 2, "variant": null, "quantity": 1}}, {"model": "cart.cartitem", "pk": 53, "fields": {"user": 1, "product": 6, "variant": null, "quantity": 1}}, {"model": "cart.cartitem", "pk": 54, "fields": {"user": 1, "product": 4, "variant": null, "quantity": 1}}, {"model": "cart.cartitem", "pk": 55, "fields": {"user": 1, "product": 3, "variant": null, "quantity": 1}}, {"model": "cart.cartitem", "pk": 56, "fields": {"user": 1, "product": 2, "variant": null, "quantity": 1}}, {"model": "cart.cartitem", "pk": 57, "fields": {"user": 1, "product": 6, "variant": null, "quantity": 1}}, {"model": "cart.cartitem", "pk": 58, "fields": {"user": 1, "product": 4, "variant": null, "quantity": 1}}, {"model": "cart.cartitem", "pk": 59, "fields": {"user": 1, "product": 3, "variant": null, "quantity": 1}}, {"model": "cart.cartitem", "pk": 60, "fields": {"user": 1, "product": 2, "variant": null, "quantity": 1}}, {"model": "cart.cartitem", "pk": 61, "fields": {"user": 1, "product": 6, "variant": null, "quantity": 1}}, {"model": "cart.cartitem", "pk": 62, "fields": {"user": 1, "product": 6, "variant": null, "quantity": 1}}, {"model": "cart.cartitem", "pk": 63, "fields": {"user": 1, "product": 4, "variant": null, "quantity": 1}}, {"model": "cart.cartitem", "pk": 64, "fields": {"user": 1, "product": 3, "variant": null, "quantity": 1}}, {"model": "cart.cartitem", "pk": 65, "fields": {"user": 1, "product": 2, "variant": null, "quantity": 1}}, {"model": "cart.cartitem", "pk": 66, "fields": {"user": 1, "product": 6, "variant": null, "quantity": 1}}, {"model": "cart.cartitem", "pk": 67, "fields": {"user": 7, "product": 3, "variant": null, "quantity": 1}}, {"model": "cart.cartitem", "pk": 68, "fields": {"user": 1, "product": 4, "variant": null, "quantity": 1}}, {"model": "cart.cartitem", "pk": 69, "fields": {"user": 1, "product": 3, "variant": null, "quantity": 1}}, {"model": "cart.cartitem", "pk": 70, "fields": {"user": 1, "product": 2, "variant": null, "quantity": 1}}, {"model": "cart.cartitem", "pk": 71, "fields": {"user": 1, "product": 6, "variant": null, "quantity": 1}}, {"model": "cart.cartitem", "pk": 72, "fields": {"user": 7, "product": 3, "variant": null, "quantity": 1}}, {"model": "cart.cartitem", "pk": 73, "fields": {"user": 1, "product": 2, "variant": null, "quantity": 1}}, {"model": "cart.cartitem", "pk": 74, "fields": {"user": 1, "product": 4, "variant": null, "quantity": 1}}, {"model": "cart.cartitem", "pk": 75, "fields": {"user": 1, "product": 3, "variant": null, "quantity": 1}}, {"model": "cart.cartitem", "pk": 76, "fields": {"user": 1, "product": 6, "variant": null, "quantity": 1}}, {"model": "checkout.order", "pk": 13, "fields": {"user": 1, "profile": null, "full_name": "lilian amatobi", "email": "lilianadimchinobi@gmail.com", "phone_number": "017620176153", "address_line_1": "Bahnhofstr", "address_line_2": "16", "city": "Eching", "postal_code": "85386", "country": "DE", "date_ordered": "2024-09-18T18:09:33.267Z", "order_total": "2.99", "delivery_cost": "7.00", "grand_total": "9.99", "stripe_payment_intent": null, "order_number": "c54c13c2", "payment_status": "pending", "order_status": "processing"}}, {"model": "checkout.order", "pk": 14, "fields": {"user": 1, "profile": null, "full_name": "lilian amatobi", "email": "lilianadimchinobi@gmail.com", "phone_number": "017620176153", "address_line_1": "Bahnhofstr", "address_line_2": "16", "city": "Eching", "postal_code": "85386", "country": "DE", "date_ordered": "2024-09-19T10:28:19.424Z", "order_total": "4.99", "delivery_cost": "7.00", "grand_total": "11.99", "stripe_payment_intent": null, "order_number": "65e2cac0", "payment_status": "pending", "order_status": "processing"}}, {"model": "checkout.order", "pk": 15, "fields": {"user": null, "profile": null, "full_name": "lilian amatobi", "email": "lilianadimchinobi@gmail.com", "phone_number": "017620176153", "address_line_1": "Bahnhofstr", "address_line_2": "16", "city": "Eching", "postal_code": "85386", "country": "DE", "date_ordered": "2024-09-19T16:22:26.506Z", "order_total": "4.99", "delivery_cost": "7.00", "grand_total": "11.99", "stripe_payment_intent": null, "order_number": "7b422c0c", "payment_status": "pending", "order_status": "processing"}}, {"model": "checkout.order", "pk": 16, "fields": {"user": null, "profile": null, "full_name": "lilian amatobi", "email": "lilianadimchinobi@gmail.com", "phone_number": "017620176153", "address_line_1": "Bahnhofstr", "address_line_2": "16", "city": "Eching", "postal_code": "85386", "country": "DE", "date_ordered": "2024-09-19T17:48:29.937Z", "order_total": "4.99", "delivery_cost": "7.00", "grand_total": "11.99", "stripe_payment_intent": null, "order_number": "c79626a5", "payment_status": "pending", "order_status": "processing"}}, {"model": "checkout.order", "pk": 17, "fields": {"user": 3, "profile": null, "full_name": "lilian amatobi", "email": "lilianadimchinobi@gmail.com", "phone_number": "017620176153", "address_line_1": "Bahnhofstr", "address_line_2": "16", "city": "Eching", "postal_code": "85386", "country": "DE", "date_ordered": "2024-09-19T17:49:33.571Z", "order_total": "4.99", "delivery_cost": "7.00", "grand_total": "11.99", "stripe_payment_intent": null, "order_number": "987b4b0a", "payment_status": "pending", "order_status": "processing"}}, {"model": "checkout.order", "pk": 18, "fields": {"user": 4, "profile": 3, "full_name": "Sophia amatobi", "email": "lilianadimchinobi@gmail.com", "phone_number": "017620176153", "address_line_1": "Bahnhofstr", "address_line_2": "16", "city": "Eching", "postal_code": "85386", "country": "DE", "date_ordered": "2024-09-19T18:55:15.121Z", "order_total": "19.99", "delivery_cost": "7.00", "grand_total": "26.99", "stripe_payment_intent": null, "order_number": "bd4a2b59", "payment_status": "pending", "order_status": "processing"}}, {"model": "checkout.order", "pk": 19, "fields": {"user": 1, "profile": null, "full_name": "Sophia amatobi", "email": "lilianadimchinobi@gmail.com", "phone_number": "017620176153", "address_line_1": "Bahnhofstr", "address_line_2": "16", "city": "Eching", "postal_code": "85386", "country": "DE", "date_ordered": "2024-09-19T19:15:04.068Z", "order_total": "109.97", "delivery_cost": "0.00", "grand_total": "109.97", "stripe_payment_intent": null, "order_number": "c2685d80", "payment_status": "pending", "order_status": "processing"}}, {"model": "checkout.order", "pk": 20, "fields": {"user": 4, "profile": null, "full_name": "Sophia amatobi", "email": "lilianadimchinobi@gmail.com", "phone_number": "017620176153", "address_line_1": "Bahnhofstr", "address_line_2": "16", "city": "Eching", "postal_code": "85386", "country": "DE", "date_ordered": "2024-09-19T19:16:50.712Z", "order_total": "49.99", "delivery_cost": "7.00", "grand_total": "56.99", "stripe_payment_intent": null, "order_number": "420bce07", "payment_status": "pending", "order_status": "processing"}}, {"model": "checkout.order", "pk": 21, "fields": {"user": 4, "profile": null, "full_name": "Sophia amatobi", "email": "lilianadimchinobi@gmail.com", "phone_number": "017620176153", "address_line_1": "Bahnhofstr", "address_line_2": "16", "city": "Eching", "postal_code": "85386", "country": "DE", "date_ordered": "2024-09-19T19:21:17.382Z", "order_total": "19.99", "delivery_cost": "7.00", "grand_total": "26.99", "stripe_payment_intent": null, "order_number": "42810895", "payment_status": "pending", "order_status": "processing"}}, {"model": "checkout.order", "pk": 22, "fields": {"user": 4, "profile": null, "full_name": "Sophia amatobi", "email": "lilianadimchinobi@gmail.com", "phone_number": "017620176153", "address_line_1": "Bahnhofstr", "address_line_2": "16", "city": "Eching", "postal_code": "85386", "country": "DE", "date_ordered": "2024-09-19T19:45:46.900Z", "order_total": "49.99", "delivery_cost": "7.00", "grand_total": "56.99", "stripe_payment_intent": null, "order_number": "d96debd7", "payment_status": "pending", "order_status": "processing"}}, {"model": "checkout.order", "pk": 23, "fields": {"user": 5, "profile": null, "full_name": "George Amatobi", "email": "lilianadimchinobi@gmail.com", "phone_number": "017620176153", "address_line_1": "Bahnhofstr", "address_line_2": "16", "city": "Eching", "postal_code": "85386", "country": "DE", "date_ordered": "2024-09-19T20:06:59.991Z", "order_total": "19.99", "delivery_cost": "7.00", "grand_total": "26.99", "stripe_payment_intent": null, "order_number": "3a297048", "payment_status": "pending", "order_status": "processing"}}, {"model": "checkout.order", "pk": 24, "fields": {"user": 5, "profile": null, "full_name": "George Amatobi", "email": "lilianadimchinobi@gmail.com", "phone_number": "017620176153", "address_line_1": "Bahnhofstr", "address_line_2": "16", "city": "Eching", "postal_code": "85386", "country": "DE", "date_ordered": "2024-09-20T07:43:48.127Z", "order_total": "9.98", "delivery_cost": "7.00", "grand_total": "16.98", "stripe_payment_intent": null, "order_number": "fcc156db", "payment_status": "pending", "order_status": "processing"}}, {"model": "checkout.order", "pk": 25, "fields": {"user": null, "profile": null, "full_name": "chinonso amatobi", "email": "chinonsoamatobi@gmail.com", "phone_number": "017620176153", "address_line_1": "Bahnhofstr", "address_line_2": "16", "city": "Eching", "postal_code": "85386", "country": "DE", "date_ordered": "2024-09-20T07:54:13.804Z", "order_total": "49.99", "delivery_cost": "7.00", "grand_total": "56.99", "stripe_payment_intent": null, "order_number": "8ef848d6", "payment_status": "pending", "order_status": "processing"}}, {"model": "checkout.order", "pk": 26, "fields": {"user": 7, "profile": null, "full_name": "Test", "email": "test@gmail.com", "phone_number": "017620176154", "address_line_1": "Bahnhofstr", "address_line_2": "16", "city": "Eching", "postal_code": "85386", "country": "DE", "date_ordered": "2024-09-20T08:57:58.059Z", "order_total": "99.98", "delivery_cost": "0.00", "grand_total": "99.98", "stripe_payment_intent": null, "order_number": "ad16a19d", "payment_status": "pending", "order_status": "processing"}}, {"model": "checkout.order", "pk": 27, "fields": {"user": 1, "profile": null, "full_name": "lilian amatobi", "email": "lilianadimchinobi@gmail.com", "phone_number": "017620176153", "address_line_1": "Bahnhofstr", "address_line_2": "16", "city": "Eching", "postal_code": "85386", "country": "DE", "date_ordered": "2024-09-20T09:47:58.698Z", "order_total": "12.98", "delivery_cost": "7.00", "grand_total": "19.98", "stripe_payment_intent": null, "order_number": "800c9365", "payment_status": "pending", "order_status": "processing"}}, {"model": "checkout.order", "pk": 28, "fields": {"user": 7, "profile": 6, "full_name": "Test Test", "email": "test@gmail.com", "phone_number": "017620176158", "address_line_1": "Bahnhofstr", "address_line_2": "16", "city": "Eching", "postal_code": "85386", "country": "DE", "date_ordered": "2024-09-20T09:59:05.370Z", "order_total": "19.99", "delivery_cost": "7.00", "grand_total": "26.99", "stripe_payment_intent": null, "order_number": "c07c1d4b", "payment_status": "pending", "order_status": "processing"}}, {"model": "checkout.order", "pk": 29, "fields": {"user": 7, "profile": null, "full_name": "Test Test", "email": "test@gmail.com", "phone_number": "017620176158", "address_line_1": "Bahnhofstr", "address_line_2": "16", "city": "Eching", "postal_code": "85386", "country": "DE", "date_ordered": "2024-09-20T10:29:35.667Z", "order_total": "49.99", "delivery_cost": "7.00", "grand_total": "56.99", "stripe_payment_intent": null, "order_number": "b33a8b08", "payment_status": "pending", "order_status": "processing"}}, {"model": "checkout.order", "pk": 30, "fields": {"user": 1, "profile": null, "full_name": "lilian amatobi", "email": "lilianadimchinobi@gmail.com", "phone_number": "017620176153", "address_line_1": "Bahnhofstr", "address_line_2": "16", "city": "Eching", "postal_code": "85386", "country": "DE", "date_ordered": "2024-09-20T17:36:25.028Z", "order_total": "112.96", "delivery_cost": "0.00", "grand_total": "112.96", "stripe_payment_intent": null, "order_number": "394ccfca", "payment_status": "pending", "order_status": "processing"}}, {"model": "checkout.order", "pk": 31, "fields": {"user": 1, "profile": null, "full_name": "lilian amatobi", "email": "lilianadimchinobi@gmail.com", "phone_number": "017620176153", "address_line_1": "Bahnhofstr", "address_line_2": "16", "city": "Eching", "postal_code": "85386", "country": "DE", "date_ordered": "2024-09-20T17:37:41.861Z", "order_total": "112.96", "delivery_cost": "0.00", "grand_total": "112.96", "stripe_payment_intent": null, "order_number": "1bb5a3f0", "payment_status": "pending", "order_status": "processing"}}, {"model": "checkout.order", "pk": 32, "fields": {"user": 1, "profile": null, "full_name": "lilian amatobi", "email": "lilianadimchinobi@gmail.com", "phone_number": "017620176153", "address_line_1": "Bahnhofstr", "address_line_2": "16", "city": "Eching", "postal_code": "85386", "country": "DE", "date_ordered": "2024-09-20T17:41:42.034Z", "order_total": "112.96", "delivery_cost": "0.00", "grand_total": "112.96", "stripe_payment_intent": null, "order_number": "6a7b95ea", "payment_status": "pending", "order_status": "processing"}}, {"model": "checkout.order", "pk": 33, "fields": {"user": 1, "profile": null, "full_name": "lilian amatobi", "email": "lilianadimchinobi@gmail.com", "phone_number": "017620176153", "address_line_1": "Bahnhofstr", "address_line_2": "16", "city": "Eching", "postal_code": "85386", "country": "DE", "date_ordered": "2024-09-20T17:44:07.667Z", "order_total": "112.96", "delivery_cost": "0.00", "grand_total": "112.96", "stripe_payment_intent": null, "order_number": "cd3fbe1e", "payment_status": "pending", "order_status": "processing"}}, {"model": "checkout.order", "pk": 34, "fields": {"user": 1, "profile": null, "full_name": "lilian amatobi", "email": "lilianadimchinobi@gmail.com", "phone_number": "017620176153", "address_line_1": "Bahnhofstr", "address_line_2": "16", "city": "Eching", "postal_code": "85386", "country": "DE", "date_ordered": "2024-09-20T17:58:16.929Z", "order_total": "112.96", "delivery_cost": "0.00", "grand_total": "112.96", "stripe_payment_intent": null, "order_number": "27e9188c", "payment_status": "pending", "order_status": "processing"}}, {"model": "checkout.order", "pk": 35, "fields": {"user": 1, "profile": null, "full_name": "lilian amatobi", "email": "lilianadimchinobi@gmail.com", "phone_number": "017620176153", "address_line_1": "Bahnhofstr", "address_line_2": "16", "city": "Eching", "postal_code": "85386", "country": "DE", "date_ordered": "2024-09-23T07:45:46.871Z", "order_total": "112.96", "delivery_cost": "0.00", "grand_total": "112.96", "stripe_payment_intent": null, "order_number": "3d6d3578", "payment_status": "pending", "order_status": "processing"}}, {"model": "checkout.order", "pk": 36, "fields": {"user": 1, "profile": null, "full_name": "lilian amatobi", "email": "lilianadimchinobi@gmail.com", "phone_number": "017620176153", "address_line_1": "Bahnhofstr", "address_line_2": "16", "city": "Eching", "postal_code": "85386", "country": "DE", "date_ordered": "2024-09-23T07:47:22.634Z", "order_total": "1.15", "delivery_cost": "7.00", "grand_total": "8.15", "stripe_payment_intent": null, "order_number": "5027fa6a", "payment_status": "pending", "order_status": "processing"}}, {"model": "checkout.orderitem", "pk": 15, "fields": {"order": 13, "product": 6, "variant": null, "quantity": 1, "price": "2.99", "total_price": "2.99"}}, {"model": "checkout.orderitem", "pk": 16, "fields": {"order": 14, "product": 9, "variant": null, "quantity": 1, "price": "4.99", "total_price": "4.99"}}, {"model": "checkout.orderitem", "pk": 17, "fields": {"order": 15, "product": 5, "variant": null, "quantity": 1, "price": "4.99", "total_price": "4.99"}}, {"model": "checkout.orderitem", "pk": 18, "fields": {"order": 16, "product": 5, "variant": null, "quantity": 1, "price": "4.99", "total_price": "4.99"}}, {"model": "checkout.orderitem", "pk": 19, "fields": {"order": 17, "product": 7, "variant": null, "quantity": 1, "price": "4.99", "total_price": "4.99"}}, {"model": "checkout.orderitem", "pk": 20, "fields": {"order": 18, "product": 1, "variant": 1, "quantity": 1, "price": "19.99", "total_price": "19.99"}}, {"model": "checkout.orderitem", "pk": 21, "fields": {"order": 19, "product": 4, "variant": null, "quantity": 1, "price": "9.99", "total_price": "9.99"}}, {"model": "checkout.orderitem", "pk": 22, "fields": {"order": 19, "product": 3, "variant": null, "quantity": 1, "price": "49.99", "total_price": "49.99"}}, {"model": "checkout.orderitem", "pk": 23, "fields": {"order": 19, "product": 2, "variant": null, "quantity": 1, "price": "49.99", "total_price": "49.99"}}, {"model": "checkout.orderitem", "pk": 24, "fields": {"order": 20, "product": 2, "variant": null, "quantity": 1, "price": "49.99", "total_price": "49.99"}}, {"model": "checkout.orderitem", "pk": 25, "fields": {"order": 21, "product": 1, "variant": 1, "quantity": 1, "price": "19.99", "total_price": "19.99"}}, {"model": "checkout.orderitem", "pk": 26, "fields": {"order": 22, "product": 2, "variant": null, "quantity": 1, "price": "49.99", "total_price": "49.99"}}, {"model": "checkout.orderitem", "pk": 27, "fields": {"order": 23, "product": 1, "variant": 1, "quantity": 1, "price": "19.99", "total_price": "19.99"}}, {"model": "checkout.orderitem", "pk": 28, "fields": {"order": 24, "product": 5, "variant": null, "quantity": 2, "price": "4.99", "total_price": "9.98"}}, {"model": "checkout.orderitem", "pk": 29, "fields": {"order": 25, "product": 2, "variant": null, "quantity": 1, "price": "49.99", "total_price": "49.99"}}, {"model": "checkout.orderitem", "pk": 30, "fields": {"order": 26, "product": 2, "variant": null, "quantity": 2, "price": "49.99", "total_price": "99.98"}}, {"model": "checkout.orderitem", "pk": 31, "fields": {"order": 27, "product": 4, "variant": null, "quantity": 1, "price": "9.99", "total_price": "9.99"}}, {"model": "checkout.orderitem", "pk": 32, "fields": {"order": 27, "product": 6, "variant": null, "quantity": 1, "price": "2.99", "total_price": "2.99"}}, {"model": "checkout.orderitem", "pk": 33, "fields": {"order": 28, "product": 1, "variant": 1, "quantity": 1, "price": "19.99", "total_price": "19.99"}}, {"model": "checkout.orderitem", "pk": 34, "fields": {"order": 29, "product": 3, "variant": null, "quantity": 1, "price": "49.99", "total_price": "49.99"}}, {"model": "checkout.orderitem", "pk": 35, "fields": {"order": 30, "product": 3, "variant": null, "quantity": 1, "price": "49.99", "total_price": "49.99"}}, {"model": "checkout.orderitem", "pk": 36, "fields": {"order": 30, "product": 4, "variant": null, "quantity": 1, "price": "9.99", "total_price": "9.99"}}, {"model": "checkout.orderitem", "pk": 37, "fields": {"order": 30, "product": 2, "variant": null, "quantity": 1, "price": "49.99", "total_price": "49.99"}}, {"model": "checkout.orderitem", "pk": 38, "fields": {"order": 30, "product": 6, "variant": null, "quantity": 1, "price": "2.99", "total_price": "2.99"}}, {"model": "checkout.orderitem", "pk": 39, "fields": {"order": 31, "product": 3, "variant": null, "quantity": 1, "price": "49.99", "total_price": "49.99"}}, {"model": "checkout.orderitem", "pk": 40, "fields": {"order": 31, "product": 4, "variant": null, "quantity": 1, "price": "9.99", "total_price": "9.99"}}, {"model": "checkout.orderitem", "pk": 41, "fields": {"order": 31, "product": 2, "variant": null, "quantity": 1, "price": "49.99", "total_price": "49.99"}}, {"model": "checkout.orderitem", "pk": 42, "fields": {"order": 31, "product": 6, "variant": null, "quantity": 1, "price": "2.99", "total_price": "2.99"}}, {"model": "checkout.orderitem", "pk": 43, "fields": {"order": 32, "product": 3, "variant": null, "quantity": 1, "price": "49.99", "total_price": "49.99"}}, {"model": "checkout.orderitem", "pk": 44, "fields": {"order": 32, "product": 4, "variant": null, "quantity": 1, "price": "9.99", "total_price": "9.99"}}, {"model": "checkout.orderitem", "pk": 45, "fields": {"order": 32, "product": 2, "variant": null, "quantity": 1, "price": "49.99", "total_price": "49.99"}}, {"model": "checkout.orderitem", "pk": 46, "fields": {"order": 32, "product": 6, "variant": null, "quantity": 1, "price": "2.99", "total_price": "2.99"}}, {"model": "checkout.orderitem", "pk": 47, "fields": {"order": 33, "product": 3, "variant": null, "quantity": 1, "price": "49.99", "total_price": "49.99"}}, {"model": "checkout.orderitem", "pk": 48, "fields": {"order": 33, "product": 4, "variant": null, "quantity": 1, "price": "9.99", "total_price": "9.99"}}, {"model": "checkout.orderitem", "pk": 49, "fields": {"order": 33, "product": 2, "variant": null, "quantity": 1, "price": "49.99", "total_price": "49.99"}}, {"model": "checkout.orderitem", "pk": 50, "fields": {"order": 33, "product": 6, "variant": null, "quantity": 1, "price": "2.99", "total_price": "2.99"}}, {"model": "checkout.orderitem", "pk": 51, "fields": {"order": 34, "product": 3, "variant": null, "quantity": 1, "price": "49.99", "total_price": "49.99"}}, {"model": "checkout.orderitem", "pk": 52, "fields": {"order": 34, "product": 4, "variant": null, "quantity": 1, "price": "9.99", "total_price": "9.99"}}, {"model": "checkout.orderitem", "pk": 53, "fields": {"order": 34, "product": 2, "variant": null, "quantity": 1, "price": "49.99", "total_price": "49.99"}}, {"model": "checkout.orderitem", "pk": 54, "fields": {"order": 34, "product": 6, "variant": null, "quantity": 1, "price": "2.99", "total_price": "2.99"}}, {"model": "checkout.orderitem", "pk": 55, "fields": {"order": 35, "product": 4, "variant": null, "quantity": 1, "price": "9.99", "total_price": "9.99"}}, {"model": "checkout.orderitem", "pk": 56, "fields": {"order": 35, "product": 3, "variant": null, "quantity": 1, "price": "49.99", "total_price": "49.99"}}, {"model": "checkout.orderitem", "pk": 57, "fields": {"order": 35, "product": 2, "variant": null, "quantity": 1, "price": "49.99", "total_price": "49.99"}}, {"model": "checkout.orderitem", "pk": 58, "fields": {"order": 35, "product": 6, "variant": null, "quantity": 1, "price": "2.99", "total_price": "2.99"}}, {"model": "checkout.orderitem", "pk": 59, "fields": {"order": 36, "product": 11, "variant": 8, "quantity": 1, "price": "1.15", "total_price": "1.15"}}]